Name,Hall,Stand,Area,Country,Website
//text..,"2,",2G01,LEICESTER,United Kingdom,"Website
https://www.gillknitwear.com"
1 Two Kids Ltd,5,5M18-N19,Dunfermline,United Kingdom,"Website
http://www.1two.co.uk"
151 Products Ltd,1,1E41,Manchester,United Kingdom,"Website
http://www.151.co.uk"
66 Books Ltd,5,5H35,Hemel Hempstead,United Kingdom,"Website
http://www.66books.co.uk"
AAA Merchandise Limited,4,4C81,"Cradley Heath,",United Kingdom,"Website
https://www.aaamerchandise.com"
Abacus Cards Ltd,"2,",3M10-N11.1,Newmarket,United Kingdom,"Website
http://www.abacuscards.co.uk"
ABitQuackers,"8,7,6",6H30,Southampton,United Kingdom,"Website
http://www.abitquackers.com"
ABS Pottery Imports Limited,"8,7,6",8B21,"Alcester,",United Kingdom,"Website
http://www.abspottery.co.uk"
ABYSSE CORP SAS,4,4G35,Grand-Couronne,France,"Website
http://www.gbeye.com/"
Accessories By Park Lane,"2,",3C04,NORTH YORKSHIRE,United Kingdom,"Website
https://www.parklaneonline.com"
Ace Tea London,4,4B91,Potters Bar,United Kingdom,"Website
https://www.acetealondon.com/"
ACID (Anti Copying in Design) Ltd,5,5G40,Twickenham,United Kingdom,"Website
http://www.acid.uk.com"
Acorus Calamus,4,4B97,Vilnius,Lithuania,"Website
https://www.acorus.lt/"
AcuPips Ltd,"2,",3T51,Checkendon,United Kingdom,"Website
https://acupips.com"
Ada Baby Ltd,5,5G25,Haverhill,United Kingdom,"Website
https://www.adababy.co.uk"
Adfix Ironmongery,"8,7,6",6H34,"Eastrington,",United Kingdom,"Website
http://www.adfixtrade.co.uk"
Adinkra Designs,5,5G21,Kingsgrove,Australia,"Website
https://adinkradesigns.com.au"
Ahmad Tea Ltd,4,4A76,Chandler's Ford,United Kingdom,"Website
http://www.ahmadtea.com"
Aircare Brands Ltd.,5,5B23,Haverhill,United Kingdom,"Website
http://www.incandescent-candles.co.uk"
Airpure International Ltd,1,1C02,Bury,United Kingdom,"Website
http://www.airpure.com/"
Alandra Partyware,"2,",3Q14,Stanstead,United Kingdom,"Website
http://www.alandra.co.uk"
Alchemy England,4,4J14,LEICESTER,United Kingdom,"Website
http://www.alchemyengland.com"
Alex Clark Art Ltd,"2,",3S15,Consett,United Kingdom,"Website
http://www.alexclarkart.co.uk"
Alexander Thurlow & Co,"2,",3f20,London,United Kingdom,"Website
http://www.alexanderthurlow.com"
Alice Wheeler London/FMG,"2,",3V30-W31,Birmingham,United Kingdom,"Website
http://www.fancymetalgoods.co.uk"
Alison Gardiner Designs,"2,",3R14,Southsea,United Kingdom,"Website
http://www.alisongardiner.co.uk"
All Jigsaw Puzzles Ltd,5,5G45,Okehampton,United Kingdom,"Website
https://tradejigsaws.alljigsawpuzzles.co.uk/"
Allied Imports Ltd,4,4A27,DUBLIN,Ireland,"Website
http://www.alliedimports.com"
Alligator Products Ltd,5,"5M45,5M41",London,United Kingdom,"Website
http://www.alligatorbooks.co.uk"
Alljoy Design,"2,",3R32,Clondalkin,Ireland,"Website
http://www.alljoydesign.com"
Allsorted Ltd,4,4D82-E83,Watford,United Kingdom,"Website
http://www.allsorteduk.com"
ALPE,"2,",2E23,TOLEDO,Spain,"Website
https://www.alpeactive.com"
AMBER BRIGHT CREATIONS LTD,4,4H71,Hounslow,United Kingdom,"Website
https://amberbright.co.uk"
Amber Hall Jewellery,"2,",2L44,Swanage,United Kingdom,"Website
http://www.amberhall.com"
Ambiente Europe B.V.,"2,",3R24,Beugen,Netherlands,"Website
http://www.ambiente.eu"
Amelia Art Glass Ltd,4,4D24,Maidstone,United Kingdom,"Website
http://www.ameliaartglass.co.uk"
Amica Accessories Ltd,4,4H52,Bristol,United Kingdom,"Website
https://www.amicafeltwholesale.com"
Ampersand Fragrance,4,4H40,Brentwood,United Kingdom,"Website
https://ampersandfragrances.com"
Amscan International,"2,",3H31,Milton Keynes,United Kingdom,"Website
http://www.amscan.co.uk"
Anand International Ltd,1,1E02,LEICESTER,United Kingdom,"Website
http://www.anand.co.uk"
Ancestors Group,4,4A22,Folkestone,United Kingdom,"Website
http://www.ancestorsgroup.co.uk"
Ancient Mariner Furniture,"8,7,6",6F51,Folkestone,United Kingdom,"Website
http://www.ancientmarinerfurniture.co.uk"
Angel Whisperer,"2,",2L31,"Wisbech,",United Kingdom,"Website
https://www.goodman-bros.com/"
Angies Folk Art,"2,",3S53,Tiverton,United Kingdom,"Website
https://www.angiesfolkart.co.uk"
Animoo Art Ltd,"2,",3K45,Spalding,United Kingdom,"Website
https://animooart.co.uk/"
Anitex Larbrinca,1,1G40,Porto,Portugal,"Website
http://www.anitex-larbrinca.pt"
Annabella Moore,"2,",2J31,Welwyn Garden City,United Kingdom,"Website
https://annabellamoore.com"
Annie Oak,"2,",3D20,Hertfordshire,United Kingdom,"Website
https://annieoak.com"
Annie with Alex,"2,",3G56,Watford,United Kingdom,"Website
https://anniewithalex.com"
Antony Nunn Agencies,5,5M47,Chesterfield,United Kingdom,"Website
https://www.antonynunnagencies.co.uk/"
Aosom Business,"8,7,6",6J33,NINGBO,China,"Website
https://www.aosom.co.uk/page/business"
APM Sourcing ltd,1,1A45,Cheadle,United Kingdom,"Website
https://www.apmsourcing.com/"
Apollo Housewares Limited,"8,7,6",8D30-E31,Farnham,United Kingdom,"Website
http://www.apollohousewares.co.uk"
AR BRAND LTD,"2,","3B13,3B12",Bristol,United Kingdom,"Website
http://www.arbrand.co.uk"
Arix Europe Ltd,1,1A11,Wooler,United Kingdom,"Website
http://www.arixeurope.com"
Aromaglow Ltd TA The Wheat Bag Company,4,4G80,Warminster,United Kingdom,"Website
https://thewheatbagcompany.co.uk/"
Aromatize Ltd,5,5B14-C15,Accrington,United Kingdom,"Website
https://www.aromatizetrade.co.uk/"
Arora Design Limited,4,4F82,Fladbury,United Kingdom,"Website
http://www.aroratrade.com"
Arran Bay,"2,",2H52,Prestwick,United Kingdom,"Website
https://arranbay.co.uk"
Arran Sense of Scotland,"2,",3T35,Isle of Arran,United Kingdom,"Website
https://www.arran.com"
Art Marketing Ltd,"8,7,6",7E50-6A51,St Albans,United Kingdom,"Website
http://www.artmarketing.co.uk"
Artcuts,4,4D70,South Godstone,United Kingdom,"Website
https://www.artcutstrade.com/"
Artebene Ltd,"2,",3K34-L35,Purley,United Kingdom,"Website
http://www.artebene.co.uk"
ARTHO Creation,"8,7,6",6B35,SAINT NAZAIRE,France,"Website
http://www.artho-creation.com"
Artic Storm,"2,",2E51,Manchester,United Kingdom,"Website
https://www.outdoorleisurewear.co.uk"
Artisiana LTD,"8,7,6",8E54,Wakefield,United Kingdom,"Website
https://www.Artisiana.co.uk"
Artisoul,4,4H77,London,United Kingdom,"Website
https://www.artisoul.co.uk/"
Artko Ltd,"8,7,6",6C60-D61,Dukinfield,United Kingdom,"Website
http://www.artko.co.uk"
Artsource 121 /,"8,7,6",6E11,BELFAST,United Kingdom,"Website
http://artsource121.com"
Artsy Mats,"8,7,6",6J22,"Blackpool,",United Kingdom,"Website
http://www.artsymats.com/"
AS ABOVE LTD,"2,",2K52,Newton Abbot,United Kingdom,"Website
https://www.asabovewholesale.co.uk/"
Ascalon Design Ltd,"8,7,6",6C50-D51,Hereford,United Kingdom,"Website
http://www.ascalon.co.uk"
Ashleigh & Burwood Ltd,4,4A10-B11,West Molesey,United Kingdom,"Website
http://www.ashleigh-burwood-trade.co.uk"
Ashwood Leather,"2,",3D11,Birmingham,United Kingdom,"Website
http://www.ashwoodleather.co.uk"
Aspin Management Systems,5,5E30,Romsey,United Kingdom,"Website
https://www.aspin.co.uk"
ASPORTUGUESAS,"2,",2E11,guimaraes,Portugal,"Website
http://www.flylondon.com"
Assured Products Ltd,1,1G30,Wigan,United Kingdom,"Website
http://www.assured-products.co.uk"
ATOM Corporation,"2,",2D33,Hiroshima,Japan,"Website
https://atom-pokeboo.jp/en/#"
Attic Textiles Ltd,4,4H79,Poole,United Kingdom,"Website
https://www.atticcreations.co.uk"
Aurora World,5,5J10-K11,Basingstoke,United Kingdom,"Website
https://www.auroraworld.co.uk/"
Ava May Aromas,4,4B23,Swinton,United Kingdom,"Website
https://avamayaromas.com/"
Avalon Home,"8,7,6",6F01,Chester,United Kingdom,"Website
https://www.avalonhome.co.uk"
AVEC,"2,",3H14,Tilburg,Netherlands,"Website
https://www.avec.nl/en"
Aviv,"2,",2J31,Welwyn Garden City,United Kingdom,"Website
https://www.avivsilver.co.uk/"
Avron Trading Ltd,1,1B10-C11,Slough,United Kingdom,"Website
http://www.avrondirect.com"
Awesome Botanical,4,4E91,Gateshead,United Kingdom,"Website
https://awesomebotanical.com/"
Awnhill Ltd,5,5C25,Northolt,United Kingdom,"Website
http://www.awnhill.com"
Azor,"2,",2C20,Birmingham,United Kingdom,"Website
https://www.ntwholesalefootwear.com/webshop/brands"
B & I International Limited,"8,7,6",8C23,Bolton,United Kingdom,"Website
http://www.biinternational.co.uk"
B There,"2,",3G34,Berkhamsted,United Kingdom,"Website
https://bthereboutique.com/concession-services"
Bachmann Europe Plc,5,5H24-J25,Barwell,United Kingdom,"Website
https://www.bachmann.co.uk/category/toyway"
Bakedin,4,4A88,Basingstoke,United Kingdom,"Website
http://www.bakedin.co.uk"
Bakers Direct Ltd,"8,7,6",6H21,Basingstoke,United Kingdom,"Website
http://bakersdirect.co.uk"
Ballard Home,4,4F76,Wigan,United Kingdom,"Website
https://www.ballardhome.co.uk"
Baltus Ltd,5,5C20-D21,Dumfriesshire,United Kingdom,No Website Found
BAPIA Ltd,"2,",3J43,Henley on Thames,United Kingdom,"Website
https://www.bapiaonline.com"
"Barbosa & Ribeiro, Lda.",1,1B48,guimaraes,Portugal,"Website
https://barbosaribeiro.pt"
